{"polyfill":["/polyfill-402ecca2f83f8195824e.js"],"app":["/app-9f989bee2789e1e15a1d.js"],"gatsby-plugin-image":["/gatsby-plugin-image-f3e5fad3703d7c01536a.js"],"component---src-pages-404-js":["/component---src-pages-404-js-a48769f5a5553c920b9f.js"],"component---src-pages-about-js":["/component---src-pages-about-js-b82d5413799329e4628e.js"],"component---src-pages-contact-js":["/component---src-pages-contact-js-dc937391e33a59bd3f71.js"],"component---src-pages-index-js":["/component---src-pages-index-js-7ec2eaa6a74bb439a337.js"],"component---src-pages-movie-index-js":["/component---src-pages-movie-index-js-06820cc573a4dbddb6ec.js"],"component---src-pages-movie-wp-movie-slug-js":["/component---src-pages-movie-wp-movie-slug-js-64a9cb70d42faf55b93b.js"],"component---src-pages-page-2-js":["/component---src-pages-page-2-js-9a8275e73ee201bf1526.js"],"component---src-pages-using-ssr-js":["/component---src-pages-using-ssr-js-808f6f83fde4fa6799db.js"],"component---src-pages-using-typescript-tsx":["/component---src-pages-using-typescript-tsx-3c8ead30d22f4b60c679.js"],"component---src-templates-using-dsg-js":["/component---src-templates-using-dsg-js-955ab23944c61e543fe4.js"]}