{"polyfill":["/polyfill-402ecca2f83f8195824e.js"],"app":["/app-9f989bee2789e1e15a1d.js"],"gatsby-plugin-image":["/gatsby-plugin-image-f3e5fad3703d7c01536a.js"],"component---src-pages-404-js":["/component---src-pages-404-js-297fe31afc07e719210c.js"],"component---src-pages-about-js":["/component---src-pages-about-js-7f69a7fb40b809510bc7.js"],"component---src-pages-contact-js":["/component---src-pages-contact-js-9ea1137bf70959995b1c.js"],"component---src-pages-index-js":["/component---src-pages-index-js-fc0f7a68e362e55947f4.js"],"component---src-pages-movie-index-js":["/component---src-pages-movie-index-js-512269ff7e19b8d3e4ef.js"],"component---src-pages-movie-wp-movie-slug-js":["/component---src-pages-movie-wp-movie-slug-js-9fd18991b73d76275050.js"],"component---src-pages-page-2-js":["/component---src-pages-page-2-js-691720193289ad58e576.js"],"component---src-pages-using-ssr-js":["/component---src-pages-using-ssr-js-0476b868a1fdb17c2590.js"],"component---src-pages-using-typescript-tsx":["/component---src-pages-using-typescript-tsx-43dc23c2c258be24107d.js"],"component---src-templates-using-dsg-js":["/component---src-templates-using-dsg-js-018f5997a5627dfe0e30.js"]}