{"name":"build-javascript","namedChunkGroups":{"polyfill":{"name":"polyfill","assets":[{"name":"webpack-runtime-978a539a8cc992998e9f.js","size":5651},{"name":"dc6a8720040df98778fe970bf6c000a41750d3ae-2d6ffa12fd7bed7f904b.js","size":13315},{"name":"polyfill-402ecca2f83f8195824e.js","size":88955}],"filteredAssets":0,"assetsSize":107921,"filteredAuxiliaryAssets":3,"auxiliaryAssetsSize":313072},"app":{"name":"app","assets":[{"name":"webpack-runtime-978a539a8cc992998e9f.js","size":5651},{"name":"framework-c45ea1cbb39153ed5c73.js","size":205472},{"name":"dc6a8720040df98778fe970bf6c000a41750d3ae-2d6ffa12fd7bed7f904b.js","size":13315},{"name":"app-9f989bee2789e1e15a1d.js","size":70650}],"filteredAssets":0,"assetsSize":295088,"filteredAuxiliaryAssets":4,"auxiliaryAssetsSize":864804},"gatsby-plugin-image":{"name":"gatsby-plugin-image","assets":[{"name":"17190b43cd9e6acada17f97bf7a2e7d9703cf2c4-c736c44876b69f628033.js","size":17342},{"name":"gatsby-plugin-image-f3e5fad3703d7c01536a.js","size":579}],"filteredAssets":0,"assetsSize":17921,"filteredAuxiliaryAssets":1,"auxiliaryAssetsSize":76696},"component---src-pages-404-js":{"name":"component---src-pages-404-js","assets":[{"name":"styles.518dc0a6d66c1a5364c0.css","size":7906},{"name":"component---src-pages-404-js-a48769f5a5553c920b9f.js","size":3026}],"filteredAssets":0,"assetsSize":10932,"filteredAuxiliaryAssets":1,"auxiliaryAssetsSize":8135},"component---src-pages-about-js":{"name":"component---src-pages-about-js","assets":[{"name":"styles.518dc0a6d66c1a5364c0.css","size":7906},{"name":"17190b43cd9e6acada17f97bf7a2e7d9703cf2c4-c736c44876b69f628033.js","size":17342},{"name":"component---src-pages-about-js-b82d5413799329e4628e.js","size":4745}],"filteredAssets":0,"assetsSize":29993,"filteredAuxiliaryAssets":2,"auxiliaryAssetsSize":88979},"component---src-pages-contact-js":{"name":"component---src-pages-contact-js","assets":[{"name":"styles.518dc0a6d66c1a5364c0.css","size":7906},{"name":"17190b43cd9e6acada17f97bf7a2e7d9703cf2c4-c736c44876b69f628033.js","size":17342},{"name":"component---src-pages-contact-js-dc937391e33a59bd3f71.js","size":5439}],"filteredAssets":0,"assetsSize":30687,"filteredAuxiliaryAssets":2,"auxiliaryAssetsSize":89506},"component---src-pages-index-js":{"name":"component---src-pages-index-js","assets":[{"name":"styles.518dc0a6d66c1a5364c0.css","size":7906},{"name":"17190b43cd9e6acada17f97bf7a2e7d9703cf2c4-c736c44876b69f628033.js","size":17342},{"name":"component---src-pages-index-js-7ec2eaa6a74bb439a337.js","size":4926}],"filteredAssets":0,"assetsSize":30174,"filteredAuxiliaryAssets":2,"auxiliaryAssetsSize":89777},"component---src-pages-movie-index-js":{"name":"component---src-pages-movie-index-js","assets":[{"name":"styles.518dc0a6d66c1a5364c0.css","size":7906},{"name":"17190b43cd9e6acada17f97bf7a2e7d9703cf2c4-c736c44876b69f628033.js","size":17342},{"name":"component---src-pages-movie-index-js-06820cc573a4dbddb6ec.js","size":4883}],"filteredAssets":0,"assetsSize":30131,"filteredAuxiliaryAssets":2,"auxiliaryAssetsSize":89750},"component---src-pages-movie-wp-movie-slug-js":{"name":"component---src-pages-movie-wp-movie-slug-js","assets":[{"name":"styles.518dc0a6d66c1a5364c0.css","size":7906},{"name":"17190b43cd9e6acada17f97bf7a2e7d9703cf2c4-c736c44876b69f628033.js","size":17342},{"name":"component---src-pages-movie-wp-movie-slug-js-64a9cb70d42faf55b93b.js","size":5093}],"filteredAssets":0,"assetsSize":30341,"filteredAuxiliaryAssets":2,"auxiliaryAssetsSize":89194},"component---src-pages-page-2-js":{"name":"component---src-pages-page-2-js","assets":[{"name":"styles.518dc0a6d66c1a5364c0.css","size":7906},{"name":"component---src-pages-page-2-js-9a8275e73ee201bf1526.js","size":3064}],"filteredAssets":0,"assetsSize":10970,"filteredAuxiliaryAssets":1,"auxiliaryAssetsSize":8223},"component---src-pages-using-ssr-js":{"name":"component---src-pages-using-ssr-js","assets":[{"name":"styles.518dc0a6d66c1a5364c0.css","size":7906},{"name":"component---src-pages-using-ssr-js-808f6f83fde4fa6799db.js","size":3638}],"filteredAssets":0,"assetsSize":11544,"filteredAuxiliaryAssets":1,"auxiliaryAssetsSize":9576},"component---src-pages-using-typescript-tsx":{"name":"component---src-pages-using-typescript-tsx","assets":[{"name":"styles.518dc0a6d66c1a5364c0.css","size":7906},{"name":"component---src-pages-using-typescript-tsx-3c8ead30d22f4b60c679.js","size":3971}],"filteredAssets":0,"assetsSize":11877,"filteredAuxiliaryAssets":1,"auxiliaryAssetsSize":10151},"component---src-templates-using-dsg-js":{"name":"component---src-templates-using-dsg-js","assets":[{"name":"styles.518dc0a6d66c1a5364c0.css","size":7906},{"name":"component---src-templates-using-dsg-js-955ab23944c61e543fe4.js","size":3366}],"filteredAssets":0,"assetsSize":11272,"filteredAuxiliaryAssets":1,"auxiliaryAssetsSize":8601}},"assetsByChunkName":{"polyfill":["webpack-runtime-978a539a8cc992998e9f.js","dc6a8720040df98778fe970bf6c000a41750d3ae-2d6ffa12fd7bed7f904b.js","polyfill-402ecca2f83f8195824e.js"],"app":["webpack-runtime-978a539a8cc992998e9f.js","framework-c45ea1cbb39153ed5c73.js","dc6a8720040df98778fe970bf6c000a41750d3ae-2d6ffa12fd7bed7f904b.js","app-9f989bee2789e1e15a1d.js"],"gatsby-plugin-image":["17190b43cd9e6acada17f97bf7a2e7d9703cf2c4-c736c44876b69f628033.js","gatsby-plugin-image-f3e5fad3703d7c01536a.js"],"component---src-pages-404-js":["styles.518dc0a6d66c1a5364c0.css","component---src-pages-404-js-a48769f5a5553c920b9f.js"],"component---src-pages-about-js":["styles.518dc0a6d66c1a5364c0.css","17190b43cd9e6acada17f97bf7a2e7d9703cf2c4-c736c44876b69f628033.js","component---src-pages-about-js-b82d5413799329e4628e.js"],"component---src-pages-contact-js":["styles.518dc0a6d66c1a5364c0.css","17190b43cd9e6acada17f97bf7a2e7d9703cf2c4-c736c44876b69f628033.js","component---src-pages-contact-js-dc937391e33a59bd3f71.js"],"component---src-pages-index-js":["styles.518dc0a6d66c1a5364c0.css","17190b43cd9e6acada17f97bf7a2e7d9703cf2c4-c736c44876b69f628033.js","component---src-pages-index-js-7ec2eaa6a74bb439a337.js"],"component---src-pages-movie-index-js":["styles.518dc0a6d66c1a5364c0.css","17190b43cd9e6acada17f97bf7a2e7d9703cf2c4-c736c44876b69f628033.js","component---src-pages-movie-index-js-06820cc573a4dbddb6ec.js"],"component---src-pages-movie-wp-movie-slug-js":["styles.518dc0a6d66c1a5364c0.css","17190b43cd9e6acada17f97bf7a2e7d9703cf2c4-c736c44876b69f628033.js","component---src-pages-movie-wp-movie-slug-js-64a9cb70d42faf55b93b.js"],"component---src-pages-page-2-js":["styles.518dc0a6d66c1a5364c0.css","component---src-pages-page-2-js-9a8275e73ee201bf1526.js"],"component---src-pages-using-ssr-js":["styles.518dc0a6d66c1a5364c0.css","component---src-pages-using-ssr-js-808f6f83fde4fa6799db.js"],"component---src-pages-using-typescript-tsx":["styles.518dc0a6d66c1a5364c0.css","component---src-pages-using-typescript-tsx-3c8ead30d22f4b60c679.js"],"component---src-templates-using-dsg-js":["styles.518dc0a6d66c1a5364c0.css","component---src-templates-using-dsg-js-955ab23944c61e543fe4.js"]},"childAssetsByChunkName":{}}