{"name":"build-javascript","namedChunkGroups":{"polyfill":{"name":"polyfill","assets":[{"name":"webpack-runtime-bce789c54edc8dd76608.js","size":5651},{"name":"dc6a8720040df98778fe970bf6c000a41750d3ae-2d6ffa12fd7bed7f904b.js","size":13315},{"name":"polyfill-402ecca2f83f8195824e.js","size":88955}],"filteredAssets":0,"assetsSize":107921,"filteredAuxiliaryAssets":3,"auxiliaryAssetsSize":313072},"app":{"name":"app","assets":[{"name":"webpack-runtime-bce789c54edc8dd76608.js","size":5651},{"name":"framework-c45ea1cbb39153ed5c73.js","size":205472},{"name":"dc6a8720040df98778fe970bf6c000a41750d3ae-2d6ffa12fd7bed7f904b.js","size":13315},{"name":"app-9f989bee2789e1e15a1d.js","size":70650}],"filteredAssets":0,"assetsSize":295088,"filteredAuxiliaryAssets":4,"auxiliaryAssetsSize":864804},"gatsby-plugin-image":{"name":"gatsby-plugin-image","assets":[{"name":"17190b43cd9e6acada17f97bf7a2e7d9703cf2c4-c736c44876b69f628033.js","size":17342},{"name":"gatsby-plugin-image-f3e5fad3703d7c01536a.js","size":579}],"filteredAssets":0,"assetsSize":17921,"filteredAuxiliaryAssets":1,"auxiliaryAssetsSize":76696},"component---src-pages-404-js":{"name":"component---src-pages-404-js","assets":[{"name":"styles.49e2bfd76ef785579723.css","size":7810},{"name":"component---src-pages-404-js-297fe31afc07e719210c.js","size":3007}],"filteredAssets":0,"assetsSize":10817,"filteredAuxiliaryAssets":1,"auxiliaryAssetsSize":7852},"component---src-pages-about-js":{"name":"component---src-pages-about-js","assets":[{"name":"styles.49e2bfd76ef785579723.css","size":7810},{"name":"17190b43cd9e6acada17f97bf7a2e7d9703cf2c4-c736c44876b69f628033.js","size":17342},{"name":"component---src-pages-about-js-7f69a7fb40b809510bc7.js","size":4716}],"filteredAssets":0,"assetsSize":29868,"filteredAuxiliaryAssets":2,"auxiliaryAssetsSize":88636},"component---src-pages-contact-js":{"name":"component---src-pages-contact-js","assets":[{"name":"styles.49e2bfd76ef785579723.css","size":7810},{"name":"17190b43cd9e6acada17f97bf7a2e7d9703cf2c4-c736c44876b69f628033.js","size":17342},{"name":"component---src-pages-contact-js-9ea1137bf70959995b1c.js","size":5410}],"filteredAssets":0,"assetsSize":30562,"filteredAuxiliaryAssets":2,"auxiliaryAssetsSize":89166},"component---src-pages-index-js":{"name":"component---src-pages-index-js","assets":[{"name":"styles.49e2bfd76ef785579723.css","size":7810},{"name":"17190b43cd9e6acada17f97bf7a2e7d9703cf2c4-c736c44876b69f628033.js","size":17342},{"name":"component---src-pages-index-js-fc0f7a68e362e55947f4.js","size":4897}],"filteredAssets":0,"assetsSize":30049,"filteredAuxiliaryAssets":2,"auxiliaryAssetsSize":89434},"component---src-pages-movie-index-js":{"name":"component---src-pages-movie-index-js","assets":[{"name":"styles.49e2bfd76ef785579723.css","size":7810},{"name":"17190b43cd9e6acada17f97bf7a2e7d9703cf2c4-c736c44876b69f628033.js","size":17342},{"name":"component---src-pages-movie-index-js-512269ff7e19b8d3e4ef.js","size":4864}],"filteredAssets":0,"assetsSize":30016,"filteredAuxiliaryAssets":2,"auxiliaryAssetsSize":89467},"component---src-pages-movie-wp-movie-slug-js":{"name":"component---src-pages-movie-wp-movie-slug-js","assets":[{"name":"styles.49e2bfd76ef785579723.css","size":7810},{"name":"17190b43cd9e6acada17f97bf7a2e7d9703cf2c4-c736c44876b69f628033.js","size":17342},{"name":"component---src-pages-movie-wp-movie-slug-js-9fd18991b73d76275050.js","size":5074}],"filteredAssets":0,"assetsSize":30226,"filteredAuxiliaryAssets":2,"auxiliaryAssetsSize":88911},"component---src-pages-page-2-js":{"name":"component---src-pages-page-2-js","assets":[{"name":"styles.49e2bfd76ef785579723.css","size":7810},{"name":"component---src-pages-page-2-js-691720193289ad58e576.js","size":3045}],"filteredAssets":0,"assetsSize":10855,"filteredAuxiliaryAssets":1,"auxiliaryAssetsSize":7940},"component---src-pages-using-ssr-js":{"name":"component---src-pages-using-ssr-js","assets":[{"name":"styles.49e2bfd76ef785579723.css","size":7810},{"name":"component---src-pages-using-ssr-js-0476b868a1fdb17c2590.js","size":3619}],"filteredAssets":0,"assetsSize":11429,"filteredAuxiliaryAssets":1,"auxiliaryAssetsSize":9293},"component---src-pages-using-typescript-tsx":{"name":"component---src-pages-using-typescript-tsx","assets":[{"name":"styles.49e2bfd76ef785579723.css","size":7810},{"name":"component---src-pages-using-typescript-tsx-43dc23c2c258be24107d.js","size":3952}],"filteredAssets":0,"assetsSize":11762,"filteredAuxiliaryAssets":1,"auxiliaryAssetsSize":9867},"component---src-templates-using-dsg-js":{"name":"component---src-templates-using-dsg-js","assets":[{"name":"styles.49e2bfd76ef785579723.css","size":7810},{"name":"component---src-templates-using-dsg-js-018f5997a5627dfe0e30.js","size":3347}],"filteredAssets":0,"assetsSize":11157,"filteredAuxiliaryAssets":1,"auxiliaryAssetsSize":8318}},"assetsByChunkName":{"polyfill":["webpack-runtime-bce789c54edc8dd76608.js","dc6a8720040df98778fe970bf6c000a41750d3ae-2d6ffa12fd7bed7f904b.js","polyfill-402ecca2f83f8195824e.js"],"app":["webpack-runtime-bce789c54edc8dd76608.js","framework-c45ea1cbb39153ed5c73.js","dc6a8720040df98778fe970bf6c000a41750d3ae-2d6ffa12fd7bed7f904b.js","app-9f989bee2789e1e15a1d.js"],"gatsby-plugin-image":["17190b43cd9e6acada17f97bf7a2e7d9703cf2c4-c736c44876b69f628033.js","gatsby-plugin-image-f3e5fad3703d7c01536a.js"],"component---src-pages-404-js":["styles.49e2bfd76ef785579723.css","component---src-pages-404-js-297fe31afc07e719210c.js"],"component---src-pages-about-js":["styles.49e2bfd76ef785579723.css","17190b43cd9e6acada17f97bf7a2e7d9703cf2c4-c736c44876b69f628033.js","component---src-pages-about-js-7f69a7fb40b809510bc7.js"],"component---src-pages-contact-js":["styles.49e2bfd76ef785579723.css","17190b43cd9e6acada17f97bf7a2e7d9703cf2c4-c736c44876b69f628033.js","component---src-pages-contact-js-9ea1137bf70959995b1c.js"],"component---src-pages-index-js":["styles.49e2bfd76ef785579723.css","17190b43cd9e6acada17f97bf7a2e7d9703cf2c4-c736c44876b69f628033.js","component---src-pages-index-js-fc0f7a68e362e55947f4.js"],"component---src-pages-movie-index-js":["styles.49e2bfd76ef785579723.css","17190b43cd9e6acada17f97bf7a2e7d9703cf2c4-c736c44876b69f628033.js","component---src-pages-movie-index-js-512269ff7e19b8d3e4ef.js"],"component---src-pages-movie-wp-movie-slug-js":["styles.49e2bfd76ef785579723.css","17190b43cd9e6acada17f97bf7a2e7d9703cf2c4-c736c44876b69f628033.js","component---src-pages-movie-wp-movie-slug-js-9fd18991b73d76275050.js"],"component---src-pages-page-2-js":["styles.49e2bfd76ef785579723.css","component---src-pages-page-2-js-691720193289ad58e576.js"],"component---src-pages-using-ssr-js":["styles.49e2bfd76ef785579723.css","component---src-pages-using-ssr-js-0476b868a1fdb17c2590.js"],"component---src-pages-using-typescript-tsx":["styles.49e2bfd76ef785579723.css","component---src-pages-using-typescript-tsx-43dc23c2c258be24107d.js"],"component---src-templates-using-dsg-js":["styles.49e2bfd76ef785579723.css","component---src-templates-using-dsg-js-018f5997a5627dfe0e30.js"]},"childAssetsByChunkName":{}}